beta,threshold,precision,recall,f_beta
0.5,0.267868,0.381,0.2222,0.3333
1.0,0.115358,0.2727,0.4167,0.3297
2.0,0.076923,0.2069,0.5,0.3896
