beta,threshold,precision,recall,f_beta
0.5,0.307692,0.3913,0.25,0.3516
1.0,0.217391,0.3043,0.3889,0.3415
2.0,0.1,0.2118,0.5,0.393
